{"mass":0.9,"centerOfMass":[-0.01,0,0.03],"transformation":[0.7071067811865476,-0.7071067811865475,0,0,0.7071067811865475,0.7071067811865476,0,0,0,0,1,0,0,0,0.1034,1],"inertia":[0.001,0,0,0,0.0025,0,0,0,0.0017]}